Workbook
Name Срез_Год: #N/A
Name Срез_Компания: #N/A
Name Срез_Компания1: #N/A
Name Срез_Продукция: #N/A
Name Срез_Продукция1: #N/A

Sheet Вариант1
A1: Компания | B1: Год | C1: Продукция | D1: Цена, руб | E1: Количество, шт | F1: Выручка, руб | G1: Годовая выручка, руб | H1: Годовая прибыль, руб. | I1: Прибыль на продукт, руб | J1: Рентабельность на продукт, % | K1: Прибыль компаний, руб | L1: Рентабельность компаний, %
A2: МДФ | B2: 2022 | C2: Древесноволокнистая плита, шлифованная, 16 мм | D2: 4500 | E2: 0 | F2: =E2*D2 -> 0 | G2: 2750148000 | H2: 202576000 | I2: =IF(F2>0,H2*(F2/G2),0) -> 0 | J2: =IF(F2>0,I2/F2*100,0) -> 0 | K2: =SUMIF(A:A,A2,H:H) -> 11208456000 | L2: =IF(G2>0,H2/G2*100,0) -> 7.3660036
A3: МДФ | B3: 2022 | C3: Древесноволокнистая плита, шлифованная, 18 мм | D3: 5000 | E3: 0 | F3: =E3*D3 -> 0 | G3: 2750148000 | H3: 202576000 | I3: =IF(F3>0,H3*(F3/G3),0) -> 0 | J3: =IF(F3>0,I3/F3*100,0) -> 0 | K3: =SUMIF(A:A,A3,H:H) -> 11208456000 | L3: =IF(G3>0,H3/G3*100,0) -> 7.3660036
A4: МДФ | B4: 2022 | C4: Древесноволокнистая плита, ламинированная "Дуб", 16 мм | D4: 8000 | E4: 4 | F4: =E4*D4 -> 32000 | G4: 2750148000 | H4: 202576000 | I4: =IF(F4>0,H4*(F4/G4),0) -> 2357.1211 | J4: =IF(F4>0,I4/F4*100,0) -> 7.3660036 | K4: =SUMIF(A:A,A4,H:H) -> 11208456000 | L4: =IF(G4>0,H4/G4*100,0) -> 7.3660036
A5: МДФ | B5: 2022 | C5: Древесноволокнистая плита, ламинированная "Белый", 16 мм | D5: 8200 | E5: 7 | F5: =E5*D5 -> 57400 | G5: 2750148000 | H5: 202576000 | I5: =IF(F5>0,H5*(F5/G5),0) -> 4228.0861 | J5: =IF(F5>0,I5/F5*100,0) -> 7.3660036 | K5: =SUMIF(A:A,A5,H:H) -> 11208456000 | L5: =IF(G5>0,H5/G5*100,0) -> 7.3660036
A6: МДФ | B6: 2022 | C6: Древесноволокнистая плита, крашенная белая, 19 мм | D6: 9500 | E6: 9 | F6: =E6*D6 -> 85500 | G6: 2750148000 | H6: 202576000 | I6: =IF(F6>0,H6*(F6/G6),0) -> 6297.9331 | J6: =IF(F6>0,I6/F6*100,0) -> 7.3660036 | K6: =SUMIF(A:A,A6,H:H) -> 11208456000 | L6: =IF(G6>0,H6/G6*100,0) -> 7.3660036
A7: МДФ | B7: 2022 | C7: Древесноволокнистая плита, влагостойкая, 18 мм | D7: 10000 | E7: 9 | F7: =E7*D7 -> 90000 | G7: 2750148000 | H7: 202576000 | I7: =IF(F7>0,H7*(F7/G7),0) -> 6629.4032 | J7: =IF(F7>0,I7/F7*100,0) -> 7.3660036 | K7: =SUMIF(A:A,A7,H:H) -> 11208456000 | L7: =IF(G7>0,H7/G7*100,0) -> 7.3660036
A8: МДФ | B8: 2022 | C8: Древесноволокнистая плита, фигурная фасадная, 19 мм | D8: 12500 | E8: 22 | F8: =E8*D8 -> 275000 | G8: 2750148000 | H8: 202576000 | I8: =IF(F8>0,H8*(F8/G8),0) -> 20256.51 | J8: =IF(F8>0,I8/F8*100,0) -> 7.3660036 | K8: =SUMIF(A:A,A8,H:H) -> 11208456000 | L8: =IF(G8>0,H8/G8*100,0) -> 7.3660036
A9: МДФ | B9: 2023 | C9: Древесноволокнистая плита, шлифованная, 16 мм | D9: 4700 | E9: 22 | F9: =E9*D9 -> 103400 | G9: 1466712000 | H9: 681559000 | I9: =IF(F9>0,H9*(F9/G9),0) -> 48048.424 | J9: =IF(F9>0,I9/F9*100,0) -> 46.468496 | K9: =SUMIF(A:A,A9,H:H) -> 11208456000 | L9: =IF(G9>0,H9/G9*100,0) -> 46.468496
A10: МДФ | B10: 2023 | C10: Древесноволокнистая плита, шлифованная, 18 мм | D10: 5200 | E10: 24 | F10: =E10*D10 -> 124800 | G10: 1466712000 | H10: 681559000 | I10: =IF(F10>0,H10*(F10/G10),0) -> 57992.682 | J10: =IF(F10>0,I10/F10*100,0) -> 46.468496 | K10: =SUMIF(A:A,A10,H:H) -> 11208456000 | L10: =IF(G10>0,H10/G10*100,0) -> 46.468496
A11: МДФ | B11: 2023 | C11: Древесноволокнистая плита, ламинированная "Дуб", 16 мм | D11: 8300 | E11: 25 | F11: =E11*D11 -> 207500 | G11: 1466712000 | H11: 681559000 | I11: =IF(F11>0,H11*(F11/G11),0) -> 96422.128 | J11: =IF(F11>0,I11/F11*100,0) -> 46.468496 | K11: =SUMIF(A:A,A11,H:H) -> 11208456000 | L11: =IF(G11>0,H11/G11*100,0) -> 46.468496
A12: МДФ | B12: 2023 | C12: Древесноволокнистая плита, ламинированная "Белый", 16 мм | D12: 8500 | E12: 25 | F12: =E12*D12 -> 212500 | G12: 1466712000 | H12: 681559000 | I12: =IF(F12>0,H12*(F12/G12),0) -> 98745.553 | J12: =IF(F12>0,I12/F12*100,0) -> 46.468496 | K12: =SUMIF(A:A,A12,H:H) -> 11208456000 | L12: =IF(G12>0,H12/G12*100,0) -> 46.468496
A13: МДФ | B13: 2023 | C13: Древесноволокнистая плита, крашенная белая, 19 мм | D13: 9800 | E13: 27 | F13: =E13*D13 -> 264600 | G13: 1466712000 | H13: 681559000 | I13: =IF(F13>0,H13*(F13/G13),0) -> 122955.64 | J13: =IF(F13>0,I13/F13*100,0) -> 46.468496 | K13: =SUMIF(A:A,A13,H:H) -> 11208456000 | L13: =IF(G13>0,H13/G13*100,0) -> 46.468496
... A388: Лестех | B388: 2024 | C388: Пиломатериал хвойный ест. влаж. 21-60мм (торцы) | D388: 7000 | E388: 686333 | F388: =E388*D388 -> 4804331000 | G388: 6268000 | H388: 2612000 | I388: =IF(F388>0,H388*(F388/G388),0) -> 2.0020601e+09 | J388: =IF(F388>0,I388/F388*100,0) -> 41.671985 | K388: =SUMIF(A:A,A388,H:H) -> 24528000 | L388: =IF(G388>0,H388/G388*100,0) -> 41.671985

Sheet Анализ
B3: Названия столбцов
B4: 2022 | D4: 2023 | F4: 2024 | H4: (пусто) | J4: Итог Сумма по полю Выручка, руб | K4: Итог Сумма по полю Количество, шт
A5: Названия строк | B5: Сумма по полю Выручка, руб | C5: Сумма по полю Количество, шт | D5: Сумма по полю Выручка, руб | E5: Сумма по полю Количество, шт | F5: Сумма по полю Выручка, руб | G5: Сумма по полю Количество, шт | H5: Сумма по полю Выручка, руб | I5: Сумма по полю Количество, шт
A6: Аргус-Волга | B6: 1155052019 | C6: 138983 | D6: 1568000400 | E6: 176366 | F6: 1992787400 | G6: 211574 | H6: 0 | I6: 0 | J6: 4715839819 | K6: 526923
A7: ВЛПХ | B7: 893511900 | C7: 576354 | D7: 958340500 | E7: 618172 | F7: 3659558000 | G7: 2360593 | H7: 0 | I7: 0 | J7: 5511410400 | K7: 3555119
A8: Енисей | B8: 4229612000 | C8: 134000 | D8: 2818399000 | E8: 89291 | F8: 2100505000 | G8: 66547 | H8: 0 | I8: 0 | J8: 9148516000 | K8: 289838
A9: ИвДревПлит | B9: 30531470 | C9: 723 | D9: 19503010 | E9: 462 | F9: 78211920 | G9: 1851 | H9: 0 | I9: 0 | J9: 128246400 | K9: 3036
A10: Илим | B10: 183714744000 | C10: 2625560 | D10: 184932794000 | E10: 2602958 | F10: 207084727000 | G10: 2845593 | H10: 0 | I10: 0 | J10: 575732265000 | K10: 8074111
A11: Лестех | B11: 1023500 | C11: 1152 | D11: 2164000 | E11: 1578 | F11: 6268500 | G11: 6381 | H11: 0 | I11: 0 | J11: 9456000 | K11: 9111
A12: МДФ | B12: 2750139100 | C12: 441314 | D12: 1466688200 | E12: 231352 | F12: 1156253600 | G12: 184762 | H12: 0 | I12: 0 | J12: 5373080900 | K12: 857428
A13: Н.М комбинат | B13: 371023490 | C13: 154953 | D13: 1041496780 | E13: 434855 | F13: 748595160 | G13: 312574 | H13: 0 | I13: 0 | J13: 2161115430 | K13: 902382
A14: Онежский компбинат | B14: 2946244700 | C14: 255589 | D14: 3387449700 | E14: 280505 | F14: 4246401000 | G14: 338500 | H14: 0 | I14: 0 | J14: 10580095400 | K14: 874594
A15: Сокольский комбинат | B15: 3863125200 | C15: 176013 | D15: 4596408100 | E15: 208423 | F15: 5511645400 | G15: 241879 | H15: 0 | I15: 0 | J15: 13971178700 | K15: 626315
A16: (пусто) | B16: 0 | C16: 0 | D16: 0 | E16: 0 | F16: 0 | G16: 0 | H16: 0 | I16: 0 | J16: 0 | K16: 0
A17: Общий итог | B17: 199955007379 | C17: 4504641 | D17: 200791243690 | E17: 4643962 | F17: 226584952980 | G17: 6570254 | H17: 0 | I17: 0 | J17: 627331204049 | K17: 15718857
A21: Динамика выручки по годам
A22: Год | B22: Сумма по полю Выручка, руб
A23: 2022 | B23: 199955007379
A24: 2023 | B24: 200791243690
A25: 2024 | B25: 226584952980
A26: (пусто)
A27: Общий итог | B27: 627331204049
A29: Динамика годовой выручки
A30: Год | B30: Сумма по полю Годовая выручка, руб
A31: 2022 | B31: 2423122786000
A32: 2023 | B32: 2443496934000
A33: 2024 | B33: 2766996321000
A34: (пусто)
A35: Общий итог | B35: 7633616041000
A37: Динамика годовой прибыли
A38: Год | B38: Сумма по полю Годовая прибыль, руб.
A39: 2022 | B39: 713638309000
A40: 2023 | B40: 567350887000
A41: 2024 | B41: 610527138000
A42: (пусто)
A43: Общий итог | B43: 1891516334000

Sheet Сравнение компаний по ценам 
A1: Названия строк | B1: Сумма по полю Количество, шт | C1: Сумма по полю Выручка, руб | D1: Среднее по полю Цена, руб
A2: Вагонка 20 х 90 мм. | B2: 10845 | C2: 281970000 | D2: 26000
A3: Енисей | B3: 10845 | C3: 281970000 | D3: 26000
A4: Общий итог | B4: 10845 | C4: 281970000 | D4: 26000

Sheet Рентабельность_компаний
A1: Компания | B1: Сумма выручки | C1: Сумма прибыли | D1: Доля общей выручки,%
A2: МДФ | B2: =SUMIF(Вариант1!A:A,A2,Вариант1!F:F) -> 4138900 | C2: =SUMIF(Вариант1!A:A,A2,Вариант1!H:H) -> 11208456000 | D2: =IF($B$12>0,B2/$B$12*100,0) -> 0.0013021503
A3: Аргус-Волга | B3: =SUMIF(Вариант1!A:A, A3, Вариант1!F:F) -> 11127317 | C3: =SUMIF(Вариант1!A:A, A3, Вариант1!H:H) -> 2214107000 | D3: =IF($B$12>0,B3/$B$12*100,0) -> 0.0035007947
A4: Онежский-компбинат | B4: =SUMIF(Вариант1!A:A, "Онежский компбинат", Вариант1!F:F) -> 108078200 | C4: =SUMIF(Вариант1!A:A, "Онежский компбинат", Вариант1!H:H) -> 17004312000 | D4: =IF($B$12>0,B4/$B$12*100,0) -> 0.034002769
A5: Сокольский комбинат | B5: =SUMIF(Вариант1!A:A, A5, Вариант1!F:F) -> 27740778700 | C5: =SUMIF(Вариант1!A:A, A5, Вариант1!H:H) -> 17152110000 | D5: =IF($B$12>0,B5/$B$12*100,0) -> 8.7275998
A6: Илим | B6: =SUMIF(Вариант1!A:A, A6, Вариант1!F:F) -> 15871069000 | C6: =SUMIF(Вариант1!A:A, A6, Вариант1!H:H) -> 1811953692000 | D6: =IF($B$12>0,B6/$B$12*100,0) -> 4.993239
A7: Енисей | B7: =SUMIF(Вариант1!A:A, A7, Вариант1!F:F) -> 16509982000 | C7: =SUMIF(Вариант1!A:A, A7, Вариант1!H:H) -> 21340995000 | D7: =IF($B$12>0,B7/$B$12*100,0) -> 5.1942491
A8: Н.М комбинат | B8: =SUMIF(Вариант1!A:A, A8, Вариант1!F:F) -> 26584772090 | C8: =SUMIF(Вариант1!A:A, A8, Вариант1!H:H) -> 3046640000 | D8: =IF($B$12>0,B8/$B$12*100,0) -> 8.3639055
A9: ВЛПХ | B9: =SUMIF(Вариант1!A:A, A9, Вариант1!F:F) -> 3917529350 | C9: =SUMIF(Вариант1!A:A, A9, Вариант1!H:H) -> 7540775000 | D9: =IF($B$12>0,B9/$B$12*100,0) -> 1.2325043
A10: ИвДревПлит | B10: =SUMIF(Вариант1!A:A, A10, Вариант1!F:F) -> 170205244420 | C10: =SUMIF(Вариант1!A:A, A10, Вариант1!H:H) -> 30719000 | D10: =IF($B$12>0,B10/$B$12*100,0) -> 53.548722
A11: Лестех | B11: =SUMIF(Вариант1!A:A, A11, Вариант1!F:F) -> 56898456500 | C11: =SUMIF(Вариант1!A:A, A11, Вариант1!H:H) -> 24528000 | D11: =IF($B$12>0,B11/$B$12*100,0) -> 17.900974
A12: Итого | B12: =SUM(B2:B11) -> 317851176477 | C12: =SUM(C2:C11) -> 1891516334000 | D12: =SUM(D2:D11) -> 100
A18: Рентабельность компаний по годам
A20: Компания | B20: 2022 | C20: 2023 | D20: 2024 | E20: Средняя рентабельность, %
A21: МДФ | B21: =Вариант1!L2 -> 7.3660036 | C21: =Вариант1!L9 -> 46.468496 | D21: =Вариант1!L16 -> 62.01573 | E21: =AVERAGE(B21:D21) -> 38.616743
A22: Аргус-Волга | B22: =Вариант1!L23 -> 8.9666093 | C22: =Вариант1!L30 -> 8.5438432 | D22: =Вариант1!L37 -> 3.9523885 | E22: =AVERAGE(B22:D22) -> 7.1542803
A23: Онежский-компбинат | B23: =Вариант1!L44 -> 14.642079 | C23: =Вариант1!L56 -> 16.072091 | D23: =Вариант1!L68 -> 10.389159 | E23: =AVERAGE(B23:D23) -> 13.701109
A24: Сокольский комбинат | B24: =Вариант1!L80 -> 4.8047491 | C24: =Вариант1!L98 -> 11.856 | D24: =Вариант1!L116 -> 4.0331766 | E24: =AVERAGE(B24:D24) -> 6.8979753
A25: Илим | B25: =Вариант1!L135 -> 31.45573 | C25: =Вариант1!L152 -> 23.979183 | D25: =Вариант1!L163 -> 23.597063 | E25: =AVERAGE(B25:D25) -> 26.343992
A26: Енисей | B26: =Вариант1!L175 -> 5.3583177 | C26: =Вариант1!L185 -> 25.042528 | D26: =Вариант1!L200 -> 23.334704 | E26: =AVERAGE(B26:D26) -> 17.91185
A27: Н.М комбинат | B27: =Вариант1!L215 -> 8.5469855 | C27: =Вариант1!L236 -> 11.265109 | D27: =Вариант1!L255 -> 0.43893043 | E27: =AVERAGE(B27:D27) -> 6.7503417
A28: ВЛПХ | B28: =Вариант1!L275 -> 36.349107 | C28: =Вариант1!L292 -> 1.2477826 | D28: =Вариант1!L310 -> 2.9192862 | E28: =AVERAGE(B28:D28) -> 13.505392
A29: ИвДревПлит | B29: =Вариант1!L326 -> 1.221429 | C29: =Вариант1!L339 -> 4.9296135 | D29: =Вариант1!L352 -> 1.3130809 | E29: =AVERAGE(B29:D29) -> 2.4880412
A30: Лестех | B30: =Вариант1!L365 -> -16.699029 | C30: =Вариант1!L373 -> 28.927911 | D30: =Вариант1!L381 -> 41.671985 | E30: =AVERAGE(B30:D30) -> 17.966956

Sheet Динамика_цен
A3: Среднее по полю Цена, руб | B3: Названия столбцов
A4: Названия строк | B4: 2022 | C4: 2023 | D4: 2024 | E4: (пусто) | F4: Общий итог
A5: Аргус-Волга | B5: 9075.1429 | C5: 9585.7143 | D5: 10128.571 | F5: 9596.4762
A6: Блок-Хаус 36x190 мм | B6: 8090 | C6: 8600 | D6: 9100 | F6: 8596.6667
A7: Брус клееный 100x100 мм | B7: 18478 | C7: 19200 | D7: 20000 | F7: 19226
A8: Вагонка Штиль 12,5x96 мм | B8: 5193 | C8: 5500 | D8: 5800 | F8: 5497.6667
A9: Доска строганная 50x150x6000 мм | B9: 9788 | C9: 10500 | D9: 11200 | F9: 10496
A10: Имитация бруса 21x146 мм | B10: 6492 | C10: 6900 | D10: 7400 | F10: 6930.6667
A11: Мебельный щит из сосны 40x600x1200 мм | B11: 4296 | C11: 4600 | D11: 4900 | F11: 4598.6667
A12: Оцилиндрованное бревно 240 мм | B12: 11189 | C12: 11800 | D12: 12500 | F12: 11829.667
A13: ВЛПХ | B13: 1920.5882 | C13: 1920.5882 | D13: 1920.5882 | F13: 1920.5882
A14: Блок хаус | B14: 1450 | C14: 1450 | D14: 1450 | F14: 1450
A15: Брикеты топливные | B15: 4100 | C15: 4100 | D15: 4100 | F15: 4100
A16: Брус е/влажн | B16: 1900 | C16: 1900 | D16: 1900 | F16: 1900
... A130: Ферма клееная 12м (КДК) | B130: 450000 | C130: 472000 | D130: 495000 | F130: 472333.33
A131: (пусто)
A132: (пусто)
A133: Общий итог | B133: 49765.163 | C133: 51376.977 | D133: 53086.279 | F133: 51409.473
